gitSha,shardCount,bufferPoolSize,batchThreshold,flushIntervalMs,maxPoolSize,jvmFlags,targetRate,payloadBytes,timestamp,experiment,achievedThroughput,p50,p95,p99,p999,errorCount,repeatIndex,dequeueThroughput,explainExtra
8033887,1,4G,100,10,20,-Xms4g -Xmx4g -XX:+UseG1GC -XX:MaxGCPauseMillis=20,1000,256,2026-09-02T02:16:47.268951Z,baseline,999.98,7.439,14.399,25.359,52.511,0,0,1319.65,type=ref key=idx_fetch_priority possible_keys=idx_fetch_priority rows=689 Extra=Using index condition
8033887,1,4G,100,10,20,-Xms4g -Xmx4g -XX:+UseG1GC -XX:MaxGCPauseMillis=20,1000,256,2026-09-02T02:18:08.364956Z,baseline,999.98,7.323,14.271,23.759,35.551,0,1,1330.62,type=ref key=idx_fetch_priority possible_keys=idx_fetch_priority rows=616 Extra=Using index condition
8033887,1,4G,100,10,20,-Xms4g -Xmx4g -XX:+UseG1GC -XX:MaxGCPauseMillis=20,5000,256,2026-09-02T02:19:29.276994Z,baseline,4999.98,6.275,15.023,23.775,35.935,0,0,6673.33,type=ref key=idx_fetch_priority possible_keys=idx_fetch_priority rows=1 Extra=Using index condition
8033887,1,4G,100,10,20,-Xms4g -Xmx4g -XX:+UseG1GC -XX:MaxGCPauseMillis=20,5000,256,2026-09-02T02:20:50.270625Z,baseline,4999.98,6.463,17.871,43.039,120.255,0,1,6618.33,type=ref key=idx_fetch_priority possible_keys=idx_fetch_priority rows=4906 Extra=Using index condition
8033887,1,4G,100,10,20,-Xms4g -Xmx4g -XX:+UseG1GC -XX:MaxGCPauseMillis=20,6000,256,2026-09-02T02:22:11.514338Z,baseline,5999.97,7.503,31.231,147.327,239.615,0,0,7988.33,type=ref key=idx_fetch_priority possible_keys=idx_fetch_priority rows=871 Extra=Using index condition
8033887,1,4G,100,10,20,-Xms4g -Xmx4g -XX:+UseG1GC -XX:MaxGCPauseMillis=20,6000,256,2026-09-02T02:23:32.589897Z,baseline,5999.97,7.159,20.607,42.495,76.735,0,1,7998.33,type=ref key=idx_fetch_priority possible_keys=idx_fetch_priority rows=208 Extra=Using index condition
8033887,1,4G,100,10,20,-Xms4g -Xmx4g -XX:+UseG1GC -XX:MaxGCPauseMillis=20,7000,256,2026-09-02T02:24:53.630090Z,baseline,6999.97,7.187,24.831,42.783,68.799,0,0,9280.00,type=ref key=idx_fetch_priority possible_keys=idx_fetch_priority rows=5536 Extra=Using index condition
8033887,1,4G,100,10,20,-Xms4g -Xmx4g -XX:+UseG1GC -XX:MaxGCPauseMillis=20,7000,256,2026-09-02T02:26:14.840283Z,baseline,6999.95,7.811,44.479,175.871,461.055,0,1,9338.33,type=ref key=idx_fetch_priority possible_keys=idx_fetch_priority rows=1 Extra=Using index condition
8033887,1,4G,100,10,20,-Xms4g -Xmx4g -XX:+UseG1GC -XX:MaxGCPauseMillis=20,8000,256,2026-09-02T02:27:36.190889Z,baseline,7999.98,8.027,36.703,71.807,170.239,0,0,10651.67,type=ref key=idx_fetch_priority possible_keys=idx_fetch_priority rows=733 Extra=Using index condition
8033887,1,4G,100,10,20,-Xms4g -Xmx4g -XX:+UseG1GC -XX:MaxGCPauseMillis=20,8000,256,2026-09-02T02:28:57.289908Z,baseline,7999.98,8.095,37.503,89.663,170.879,0,1,10671.67,type=ref key=idx_fetch_priority possible_keys=idx_fetch_priority rows=1 Extra=Using index condition
8033887,1,4G,100,10,20,-Xms4g -Xmx4g -XX:+UseG1GC -XX:MaxGCPauseMillis=20,10000,256,2026-09-02T02:30:18.392790Z,baseline,9999.98,8.623,80.639,180.351,256.127,0,0,13320.00,type=ref key=idx_fetch_priority possible_keys=idx_fetch_priority rows=752 Extra=Using index condition
8033887,1,4G,100,10,20,-Xms4g -Xmx4g -XX:+UseG1GC -XX:MaxGCPauseMillis=20,10000,256,2026-09-02T02:31:39.662198Z,baseline,9999.98,8.583,77.311,154.751,195.839,0,1,13281.33,type=ref key=idx_fetch_priority possible_keys=idx_fetch_priority rows=5362 Extra=Using index condition
8033887,1,4G,10,1,20,-Xms4g -Xmx4g -XX:+UseG1GC -XX:MaxGCPauseMillis=20,4800,256,2026-09-02T02:33:05.859904Z,batch_sweep,4799.97,1.168,40.095,65.503,111.871,0,0,6346.67,type=ref key=idx_fetch_priority possible_keys=idx_fetch_priority rows=5884 Extra=Using index condition
8033887,1,4G,10,1,20,-Xms4g -Xmx4g -XX:+UseG1GC -XX:MaxGCPauseMillis=20,4800,256,2026-09-02T02:34:26.870558Z,batch_sweep,4799.97,1.352,93.951,227.327,446.719,0,1,6372.67,type=ref key=idx_fetch_priority possible_keys=idx_fetch_priority rows=3674 Extra=Using index condition
8033887,1,4G,10,5,20,-Xms4g -Xmx4g -XX:+UseG1GC -XX:MaxGCPauseMillis=20,4800,256,2026-09-02T02:35:52.837559Z,batch_sweep,4799.97,1.412,30.703,56.031,73.087,0,0,6361.67,type=ref key=idx_fetch_priority possible_keys=idx_fetch_priority rows=2254 Extra=Using index condition
8033887,1,4G,10,5,20,-Xms4g -Xmx4g -XX:+UseG1GC -XX:MaxGCPauseMillis=20,4800,256,2026-09-02T02:37:13.781055Z,batch_sweep,4799.97,1.382,29.199,48.127,78.143,0,1,6371.67,type=ref key=idx_fetch_priority possible_keys=idx_fetch_priority rows=2173 Extra=Using index condition
8033887,1,4G,10,10,20,-Xms4g -Xmx4g -XX:+UseG1GC -XX:MaxGCPauseMillis=20,4800,256,2026-09-02T02:38:39.619662Z,batch_sweep,4799.97,1.412,36.319,60.703,86.527,0,0,6339.53,type=ref key=idx_fetch_priority possible_keys=idx_fetch_priority rows=6206 Extra=Using index condition
8033887,1,4G,10,10,20,-Xms4g -Xmx4g -XX:+UseG1GC -XX:MaxGCPauseMillis=20,4800,256,2026-09-02T02:40:00.644405Z,batch_sweep,4799.97,1.579,45.599,66.239,82.623,0,1,6380.65,type=ref key=idx_fetch_priority possible_keys=idx_fetch_priority rows=1519 Extra=Using index condition
8033887,1,4G,10,50,20,-Xms4g -Xmx4g -XX:+UseG1GC -XX:MaxGCPauseMillis=20,4800,256,2026-09-02T02:41:26.738836Z,batch_sweep,4799.97,1.405,32.335,57.919,92.351,0,0,6353.50,type=ref key=idx_fetch_priority possible_keys=idx_fetch_priority rows=4848 Extra=Using index condition
8033887,1,4G,10,50,20,-Xms4g -Xmx4g -XX:+UseG1GC -XX:MaxGCPauseMillis=20,4800,256,2026-09-02T02:42:47.700472Z,batch_sweep,4799.97,1.466,30.351,52.959,70.271,0,1,6373.33,type=ref key=idx_fetch_priority possible_keys=idx_fetch_priority rows=2128 Extra=Using index condition
8033887,1,4G,50,1,20,-Xms4g -Xmx4g -XX:+UseG1GC -XX:MaxGCPauseMillis=20,4800,256,2026-09-02T02:44:13.875919Z,batch_sweep,4799.97,1.128,16.863,41.535,86.399,0,0,6353.67,type=ref key=idx_fetch_priority possible_keys=idx_fetch_priority rows=4756 Extra=Using index condition
8033887,1,4G,50,1,20,-Xms4g -Xmx4g -XX:+UseG1GC -XX:MaxGCPauseMillis=20,4800,256,2026-09-02T02:45:34.927170Z,batch_sweep,4799.97,1.067,10.639,25.423,62.399,0,1,6365.00,type=ref key=idx_fetch_priority possible_keys=idx_fetch_priority rows=4482 Extra=Using index condition
8033887,1,4G,50,5,20,-Xms4g -Xmx4g -XX:+UseG1GC -XX:MaxGCPauseMillis=20,4800,256,2026-09-02T02:47:01.008002Z,batch_sweep,4799.97,3.181,11.879,24.959,39.647,0,0,6378.33,type=ref key=idx_fetch_priority possible_keys=idx_fetch_priority rows=1180 Extra=Using index condition
8033887,1,4G,50,5,20,-Xms4g -Xmx4g -XX:+UseG1GC -XX:MaxGCPauseMillis=20,4800,256,2026-09-02T02:48:21.996372Z,batch_sweep,4799.97,3.215,12.719,25.727,40.703,0,1,6403.33,type=ref key=idx_fetch_priority possible_keys=idx_fetch_priority rows=1 Extra=Using index condition
8033887,1,4G,50,10,20,-Xms4g -Xmx4g -XX:+UseG1GC -XX:MaxGCPauseMillis=20,4800,256,2026-09-02T02:49:47.934847Z,batch_sweep,4799.97,5.983,15.223,25.455,70.911,0,0,6390.00,type=ref key=idx_fetch_priority possible_keys=idx_fetch_priority rows=410 Extra=Using index condition
8033887,1,4G,50,10,20,-Xms4g -Xmx4g -XX:+UseG1GC -XX:MaxGCPauseMillis=20,4800,256,2026-09-02T02:51:09.031014Z,batch_sweep,4799.97,6.223,16.039,28.079,55.583,0,1,6371.67,type=ref key=idx_fetch_priority possible_keys=idx_fetch_priority rows=1708 Extra=Using index condition
8033887,1,4G,50,50,20,-Xms4g -Xmx4g -XX:+UseG1GC -XX:MaxGCPauseMillis=20,4800,256,2026-09-02T02:52:35.154893Z,batch_sweep,4799.97,5.431,15.479,59.583,357.119,0,0,6375.00,type=ref key=idx_fetch_priority possible_keys=idx_fetch_priority rows=1309 Extra=Using index condition
8033887,1,4G,50,50,20,-Xms4g -Xmx4g -XX:+UseG1GC -XX:MaxGCPauseMillis=20,4800,256,2026-09-02T02:53:56.196674Z,batch_sweep,4799.97,5.367,14.751,27.327,43.039,0,1,6406.67,type=ref key=idx_fetch_priority possible_keys=idx_fetch_priority rows=143 Extra=Using index condition
8033887,1,4G,100,1,20,-Xms4g -Xmx4g -XX:+UseG1GC -XX:MaxGCPauseMillis=20,4800,256,2026-09-02T02:55:22.474076Z,batch_sweep,4799.97,1.223,23.791,514.815,757.247,0,0,6398.15,type=ref key=idx_fetch_priority possible_keys=idx_fetch_priority rows=1 Extra=Using index condition
8033887,1,4G,100,1,20,-Xms4g -Xmx4g -XX:+UseG1GC -XX:MaxGCPauseMillis=20,4800,256,2026-09-02T02:56:43.488249Z,batch_sweep,4799.97,1.209,18.063,52.447,98.687,0,1,6398.33,type=ref key=idx_fetch_priority possible_keys=idx_fetch_priority rows=1 Extra=Using index condition
8033887,1,4G,100,5,20,-Xms4g -Xmx4g -XX:+UseG1GC -XX:MaxGCPauseMillis=20,4800,256,2026-09-02T02:58:09.590810Z,batch_sweep,4799.97,3.699,23.775,117.439,276.479,0,0,6343.17,type=ref key=idx_fetch_priority possible_keys=idx_fetch_priority rows=6428 Extra=Using index condition
8033887,1,4G,100,5,20,-Xms4g -Xmx4g -XX:+UseG1GC -XX:MaxGCPauseMillis=20,4800,256,2026-09-02T02:59:30.661095Z,batch_sweep,4799.97,3.527,16.023,34.751,70.975,0,1,6366.67,type=ref key=idx_fetch_priority possible_keys=idx_fetch_priority rows=3960 Extra=Using index condition
8033887,1,4G,100,10,20,-Xms4g -Xmx4g -XX:+UseG1GC -XX:MaxGCPauseMillis=20,4800,256,2026-09-02T03:00:56.649626Z,batch_sweep,4799.97,6.491,14.687,25.839,50.975,0,0,6398.33,type=ref key=idx_fetch_priority possible_keys=idx_fetch_priority rows=1 Extra=Using index condition
8033887,1,4G,100,10,20,-Xms4g -Xmx4g -XX:+UseG1GC -XX:MaxGCPauseMillis=20,4800,256,2026-09-02T03:02:17.706832Z,batch_sweep,4799.97,6.695,17.087,110.719,304.639,0,1,6375.00,type=ref key=idx_fetch_priority possible_keys=idx_fetch_priority rows=1402 Extra=Using index condition
8033887,1,4G,100,50,20,-Xms4g -Xmx4g -XX:+UseG1GC -XX:MaxGCPauseMillis=20,4800,256,2026-09-02T03:03:43.528776Z,batch_sweep,4799.97,9.911,23.119,31.935,53.727,0,0,6398.33,type=ref key=idx_fetch_priority possible_keys=idx_fetch_priority rows=1 Extra=Using index condition
8033887,1,4G,100,50,20,-Xms4g -Xmx4g -XX:+UseG1GC -XX:MaxGCPauseMillis=20,4800,256,2026-09-02T03:05:04.487534Z,batch_sweep,4799.97,10.191,24.127,48.991,131.967,0,1,6380.00,type=ref key=idx_fetch_priority possible_keys=idx_fetch_priority rows=1103 Extra=Using index condition
8033887,1,4G,500,1,20,-Xms4g -Xmx4g -XX:+UseG1GC -XX:MaxGCPauseMillis=20,4800,256,2026-09-02T03:06:30.507145Z,batch_sweep,4799.97,1.101,10.183,25.807,48.575,0,0,6340.35,type=ref key=idx_fetch_priority possible_keys=idx_fetch_priority rows=6698 Extra=Using index condition
8033887,1,4G,500,1,20,-Xms4g -Xmx4g -XX:+UseG1GC -XX:MaxGCPauseMillis=20,4800,256,2026-09-02T03:07:51.546319Z,batch_sweep,4799.97,1.305,36.287,700.415,991.231,0,1,6343.30,type=ref key=idx_fetch_priority possible_keys=idx_fetch_priority rows=6834 Extra=Using index condition
8033887,1,4G,500,5,20,-Xms4g -Xmx4g -XX:+UseG1GC -XX:MaxGCPauseMillis=20,4800,256,2026-09-02T03:09:17.761291Z,batch_sweep,4799.97,3.683,19.023,62.943,166.399,0,0,6378.72,type=ref key=idx_fetch_priority possible_keys=idx_fetch_priority rows=1086 Extra=Using index condition
8033887,1,4G,500,5,20,-Xms4g -Xmx4g -XX:+UseG1GC -XX:MaxGCPauseMillis=20,4800,256,2026-09-02T03:10:38.892857Z,batch_sweep,4799.97,3.565,16.831,38.975,70.847,0,1,6406.67,type=ref key=idx_fetch_priority possible_keys=idx_fetch_priority rows=1 Extra=Using index condition
8033887,1,4G,500,10,20,-Xms4g -Xmx4g -XX:+UseG1GC -XX:MaxGCPauseMillis=20,4800,256,2026-09-02T03:12:04.862975Z,batch_sweep,4799.97,7.599,20.767,62.719,166.655,0,0,6383.33,type=ref key=idx_fetch_priority possible_keys=idx_fetch_priority rows=891 Extra=Using index condition
8033887,1,4G,500,10,20,-Xms4g -Xmx4g -XX:+UseG1GC -XX:MaxGCPauseMillis=20,4800,256,2026-09-02T03:13:25.919606Z,batch_sweep,4799.97,6.727,15.559,30.783,64.383,0,1,6353.33,type=ref key=idx_fetch_priority possible_keys=idx_fetch_priority rows=5750 Extra=Using index condition
8033887,1,4G,500,50,20,-Xms4g -Xmx4g -XX:+UseG1GC -XX:MaxGCPauseMillis=20,4800,256,2026-09-02T03:14:52.455892Z,batch_sweep,4799.97,33.823,62.687,72.511,93.247,0,0,6340.00,type=ref key=idx_fetch_priority possible_keys=idx_fetch_priority rows=8054 Extra=Using index condition
8033887,1,4G,500,50,20,-Xms4g -Xmx4g -XX:+UseG1GC -XX:MaxGCPauseMillis=20,4800,256,2026-09-02T03:16:13.609504Z,batch_sweep,4799.97,33.535,62.911,72.959,109.247,0,1,6406.67,type=ref key=idx_fetch_priority possible_keys=idx_fetch_priority rows=1 Extra=Using index condition
8033887,1,512M,100,10,20,-Xms4g -Xmx4g -XX:+UseG1GC -XX:MaxGCPauseMillis=20,4800,256,2026-09-02T03:20:24.929719Z,backlog,4799.99,7.215,16.735,23.279,49.247,0,0,3175.00,type=ref key=idx_fetch_priority possible_keys=idx_fetch_priority rows=564275 Extra=Using index condition
8033887,1,512M,100,10,20,-Xms4g -Xmx4g -XX:+UseG1GC -XX:MaxGCPauseMillis=20,4800,256,2026-09-02T03:24:26.347343Z,backlog,4799.99,7.303,16.815,23.983,42.175,0,1,3185.56,type=ref key=idx_fetch_priority possible_keys=idx_fetch_priority rows=550364 Extra=Using index condition
8033887,1,4G,100,10,20,-Xms4g -Xmx4g -XX:+UseG1GC -XX:MaxGCPauseMillis=20,5000,256,2026-09-02T03:25:43.323215Z,lease_recovery,2499.98,30081.023,30081.023,30081.023,30081.023,0,0,0.00,lease_recovery: 30079ms
8033887,1,4G,100,10,20,-Xms4g -Xmx4g -XX:+UseG1GC -XX:MaxGCPauseMillis=20,5000,256,2026-09-02T03:26:49.505191Z,lease_recovery,2506.67,29999.103,29999.103,29999.103,29999.103,0,1,0.00,lease_recovery: 29988ms
